id,institutionName,city,state,website
bishop-state-community-college-al,Bishop State Community College,,AL,
calhoun-community-college-al,Calhoun Community College,,AL,
central-alabama-community-college-al,Central Alabama Community College,,AL,
coastal-alabama-community-college-al,Coastal Alabama Community College,,AL,
gadsden-state-community-college-al,Gadsden State Community College,,AL,
jefferson-state-community-college-al,Jefferson State Community College,,AL,
lawson-state-community-college-al,Lawson State Community College,,AL,
lurleen-b-wallace-community-college-al,Lurleen B. Wallace Community College,,AL,
northeast-alabama-community-college-al,Northeast Alabama Community College,,AL,
reid-state-technical-college-al,Reid State Technical College,,AL,
shelton-state-community-college-al,Shelton State Community College,,AL,
snead-state-community-college-al,Snead State Community College,,AL,
southern-union-state-community-college-al,Southern Union State Community College,,AL,
wallace-state-community-college-al,Wallace State Community College,,AL,
arkansas-state-university-newport-ar,Arkansas State University - Newport,,AR,
arkansas-state-university-three-rivers-ar,Arkansas State University - Three Rivers,,AR,
national-park-college-ar,National Park College,,AR,
north-arkansas-college-ar,North Arkansas College,,AR,
northwest-arkansas-community-college-ar,Northwest Arkansas Community College,,AR,
south-arkansas-community-college-ar,South Arkansas Community College,,AR,
southeast-arkansas-college-ar,Southeast Arkansas College,,AR,
university-of-arkansas-rich-mountain-ar,University of Arkansas Rich Mountain,,AR,
central-arizona-college-az,Central Arizona College,,AZ,
cochise-college-az,Cochise College,,AZ,
eastern-arizona-college-az,Eastern Arizona College,,AZ,
glendale-community-college-az,Glendale Community College,,AZ,
mesa-community-college-az,Mesa Community College,,AZ,
mohave-community-college-az,Mohave Community College,,AZ,
pima-community-college-az,Pima Community College,,AZ,
yavapai-college-az,Yavapai College,,AZ,
allan-hancock-college-ca,Allan Hancock College,,CA,
american-river-college-ca,American River College,,CA,
antelope-valley-college-ca,Antelope Valley College,,CA,
bakersfield-college-ca,Bakersfield College,,CA,
barstow-community-college-ca,Barstow Community College,,CA,
berkeley-city-college-ca,Berkeley City College,,CA,
butte-college-ca,Butte College,,CA,
cabrillo-college-ca,Cabrillo College,,CA,
canada-college-ca,Canada College,,CA,
cerritos-college-ca,Cerritos College,,CA,
cerro-coso-community-college-ca,Cerro Coso Community College,,CA,
chabot-college-ca,Chabot College,,CA,
chaffey-college-ca,Chaffey College,,CA,
citrus-college-ca,Citrus College,,CA,
city-college-of-san-francisco-ca,City College of San Francisco,,CA,
clovis-community-college-ca,Clovis Community College,,CA,
coastline-community-college-ca,Coastline Community College,,CA,
college-of-alameda-ca,College of Alameda,,CA,
college-of-marin-ca,College of Marin,,CA,
college-of-san-mateo-ca,College of San Mateo,,CA,
college-of-the-canyons-ca,College of the Canyons,,CA,
college-of-the-desert-ca,College of the Desert,,CA,
college-of-the-redwoods-ca,College of the Redwoods,,CA,
college-of-the-sequoias-ca,College of the Sequoias,,CA,
college-of-the-siskiyous-ca,College of the Siskiyous,,CA,
columbia-college-ca,Columbia College,,CA,
compton-college-ca,Compton College,,CA,
contra-costa-college-ca,Contra Costa College,,CA,
cosumnes-river-college-ca,Cosumnes River College,,CA,
crafton-hills-college-ca,Crafton Hills College,,CA,
cuesta-college-ca,Cuesta College,,CA,
cuyamaca-college-ca,Cuyamaca College,,CA,
cypress-college-ca,Cypress College,,CA,
de-anza-college-ca,De Anza College,,CA,
diablo-valley-college-ca,Diablo Valley College,,CA,
east-los-angeles-college-ca,East Los Angeles College,,CA,
el-camino-college-ca,El Camino College,,CA,
evergreen-valley-college-ca,Evergreen Valley College,,CA,
feather-river-college-ca,Feather River College,,CA,
folsom-lake-college-ca,Folsom Lake College,,CA,
foothill-college-ca,Foothill College,,CA,
fresno-city-college-ca,Fresno City College,,CA,
fullerton-college-ca,Fullerton College,,CA,
gavilan-college-ca,Gavilan College,,CA,
glendale-community-college-ca,Glendale Community College,,CA,
golden-west-college-ca,Golden West College,,CA,
grossmont-college-ca,Grossmont College,,CA,
hartnell-college-ca,Hartnell College,,CA,
imperial-valley-college-ca,Imperial Valley College,,CA,
irvine-valley-college-ca,Irvine Valley College,,CA,
lake-tahoe-community-college-ca,Lake Tahoe Community College,,CA,
laney-college-ca,Laney College,,CA,
las-positas-college-ca,Las Positas College,,CA,
lassen-community-college-ca,Lassen Community College,,CA,
long-beach-city-college-ca,Long Beach City College,,CA,
los-angeles-city-college-ca,Los Angeles City College,,CA,
los-angeles-harbor-college-ca,Los Angeles Harbor College,,CA,
los-angeles-mission-college-ca,Los Angeles Mission College,,CA,
los-angeles-pierce-college-ca,Los Angeles Pierce College,,CA,
los-angeles-southwest-college-ca,Los Angeles Southwest College,,CA,
los-angeles-trade-technical-college-ca,Los Angeles Trade-Technical College,,CA,
los-angeles-valley-college-ca,Los Angeles Valley College,,CA,
los-medanos-college-ca,Los Medanos College,,CA,
mendocino-college-ca,Mendocino College,,CA,
merced-college-ca,Merced College,,CA,
merritt-college-ca,Merritt College,,CA,
miracosta-college-ca,MiraCosta College,,CA,
mission-college-ca,Mission College,,CA,
modesto-junior-college-ca,Modesto Junior College,,CA,
monterey-peninsula-college-ca,Monterey Peninsula College,,CA,
moorpark-college-ca,Moorpark College,,CA,
mt-san-antonio-college-ca,Mt. San Antonio College,,CA,
mt-san-jacinto-college-ca,Mt. San Jacinto College,,CA,
napa-valley-college-ca,Napa Valley College,,CA,
norco-college-ca,Norco College,,CA,
ohlone-college-ca,Ohlone College,,CA,
orange-coast-college-ca,Orange Coast College,,CA,
oxnard-college-ca,Oxnard College,,CA,
palo-verde-college-ca,Palo Verde College,,CA,
palomar-college-ca,Palomar College,,CA,
pasadena-city-college-ca,Pasadena City College,,CA,
porterville-college-ca,Porterville College,,CA,
reedley-college-ca,Reedley College,,CA,
rio-hondo-college-ca,Rio Hondo College,,CA,
riverside-city-college-ca,Riverside City College,,CA,
sacramento-city-college-ca,Sacramento City College,,CA,
saddleback-college-ca,Saddleback College,,CA,
san-bernardino-valley-college-ca,San Bernardino Valley College,,CA,
san-diego-city-college-ca,San Diego City College,,CA,
san-diego-mesa-college-ca,San Diego Mesa College,,CA,
san-diego-miramar-college-ca,San Diego Miramar College,,CA,
san-joaquin-delta-college-ca,San Joaquin Delta College,,CA,
san-jose-city-college-ca,San Jose City College,,CA,
santa-ana-college-ca,Santa Ana College,,CA,
santa-barbara-city-college-ca,Santa Barbara City College,,CA,
santa-monica-college-ca,Santa Monica College,,CA,
santa-rosa-junior-college-ca,Santa Rosa Junior College,,CA,
santiago-canyon-college-ca,Santiago Canyon College,,CA,
shasta-college-ca,Shasta College,,CA,
sierra-college-ca,Sierra College,,CA,
skyline-college-ca,Skyline College,,CA,
solano-community-college-ca,Solano Community College,,CA,
southwestern-college-ca,Southwestern College,,CA,
taft-college-ca,Taft College,,CA,
ventura-college-ca,Ventura College,,CA,
victor-valley-college-ca,Victor Valley College,,CA,
west-hills-college-coalinga-ca,West Hills College Coalinga,,CA,
west-hills-college-lemoore-ca,West Hills College Lemoore,,CA,
west-los-angeles-college-ca,West Los Angeles College,,CA,
west-valley-college-ca,West Valley College,,CA,
woodland-community-college-ca,Woodland Community College,,CA,
yuba-college-ca,Yuba College,,CA,
arapahoe-community-college-co,Arapahoe Community College,,CO,
colorado-mountain-college-co,Colorado Mountain College,,CO,
community-college-of-denver-co,Community College of Denver,,CO,
lamar-community-college-co,Lamar Community College,,CO,
northeastern-junior-college-co,Northeastern Junior College,,CO,
otero-college-co,Otero College,,CO,
pueblo-community-college-co,Pueblo Community College,,CO,
red-rocks-community-college-co,Red Rocks Community College,,CO,
trinidad-state-college-co,Trinidad State College,,CO,
delaware-technical-community-college-de,Delaware Technical Community College,,DE,
chipola-college-fl,Chipola College,,FL,
college-of-central-florida-fl,College of Central Florida,,FL,
daytona-state-college-fl,Daytona State College,,FL,
eastern-florida-state-college-fl,Eastern Florida State College,,FL,
florida-gateway-college-fl,Florida Gateway College,,FL,
florida-southwestern-state-college-fl,Florida SouthWestern State College,,FL,
florida-state-college-at-jacksonville-fl,Florida State College at Jacksonville,,FL,
gulf-coast-state-college-fl,Gulf Coast State College,,FL,
hillsborough-community-college-fl,Hillsborough Community College,,FL,
indian-river-state-college-fl,Indian River State College,,FL,
lake-sumter-state-college-fl,Lake-Sumter State College,,FL,
miami-dade-college-fl,Miami Dade College,,FL,
northwest-florida-state-college-fl,Northwest Florida State College,,FL,
palm-beach-state-college-fl,Palm Beach State College,,FL,
pasco-hernando-state-college-fl,Pasco-Hernando State College,,FL,
pensacola-state-college-fl,Pensacola State College,,FL,
polk-state-college-fl,Polk State College,,FL,
santa-fe-college-fl,Santa Fe College,,FL,
seminole-state-college-of-florida-fl,Seminole State College of Florida,,FL,
south-florida-state-college-fl,South Florida State College,,FL,
st-johns-river-state-college-fl,St. Johns River State College,,FL,
state-college-of-florida-bradenton-fl,State College of Florida,Bradenton,FL,https://www.scfmanatees.com/landing/index
state-college-of-florida-manatee-sarasota-fl,State College of Florida Manatee-Sarasota,,FL,
tallahassee-community-college-fl,Tallahassee Community College,,FL,
andrew-college-ga,Andrew College,,GA,
georgia-highlands-college-ga,Georgia Highlands College,,GA,
georgia-military-college-ga,Georgia Military College,,GA,
south-georgia-state-college-ga,South Georgia State College,,GA,
des-moines-area-community-college-ia,Des Moines Area Community College,Boone,IA,https://www.dmaccbears.com/sports/esports/index
ellsworth-community-college-ia,Ellsworth Community College,,IA,
hawkeye-community-college-ia,Hawkeye Community College,Waterloo,IA,https://www.redtailathletics.com/sports/esports/index
indian-hills-community-college-ia,Indian Hills Community College,,IA,
iowa-central-community-college-ia,Iowa Central Community College,Fort Dodge,IA,https://www.ictritons.com/sports/esports/index
iowa-lakes-community-college-ia,Iowa Lakes Community College,,IA,
iowa-western-community-college-ia,Iowa Western Community College,Council Bluffs,IA,https://www.goreivers.com/sports/esports/index
kirkwood-community-college-ia,Kirkwood Community College,,IA,
marshalltown-community-college-ia,Marshalltown Community College,,IA,
north-iowa-area-community-college-ia,North Iowa Area Community College,,IA,
northeast-iowa-community-college-ia,Northeast Iowa Community College,,IA,
northwest-iowa-community-college-ia,Northwest Iowa Community College,,IA,
southeastern-community-college-ia,Southeastern Community College,,IA,
southwestern-community-college-ia,Southwestern Community College,,IA,
western-iowa-tech-community-college-ia,Western Iowa Tech Community College,,IA,
college-of-eastern-idaho-id,College of Eastern Idaho,,ID,
college-of-southern-idaho-id,College of Southern Idaho,,ID,
college-of-western-idaho-id,College of Western Idaho,,ID,
north-idaho-college-id,North Idaho College,,ID,
black-hawk-college-il,Black Hawk College,,IL,
carl-sandburg-college-il,Carl Sandburg College,,IL,
college-of-dupage-il,College of DuPage,Glen Ellyn,IL,https://gochapsgo.com/sports/esports
college-of-lake-county-il,College of Lake County,,IL,
elgin-community-college-il,Elgin Community College,,IL,
harper-college-il,Harper College,,IL,
heartland-community-college-il,Heartland Community College,,IL,
highland-community-college-il,Highland Community College,,IL,
illinois-central-college-il,Illinois Central College,,IL,
illinois-valley-community-college-il,Illinois Valley Community College,,IL,
john-a-logan-college-il,John A. Logan College,,IL,
joliet-junior-college-il,Joliet Junior College,,IL,
kankakee-community-college-il,Kankakee Community College,,IL,
kaskaskia-college-il,Kaskaskia College,,IL,
kishwaukee-college-il,Kishwaukee College,,IL,
lake-land-college-il,Lake Land College,,IL,
lewis-and-clark-community-college-il,Lewis and Clark Community College,,IL,
lincoln-land-community-college-il,Lincoln Land Community College,,IL,
mchenry-county-college-il,McHenry County College,,IL,
moraine-valley-community-college-il,Moraine Valley Community College,,IL,
morton-college-il,Morton College,,IL,
oakton-college-il,Oakton College,,IL,
parkland-college-il,Parkland College,,IL,
prairie-state-college-il,Prairie State College,,IL,
rend-lake-college-il,Rend Lake College,,IL,
richland-community-college-il,Richland Community College,,IL,
rock-valley-college-il,Rock Valley College,,IL,
sauk-valley-community-college-il,Sauk Valley Community College,,IL,
shawnee-community-college-il,Shawnee Community College,,IL,
south-suburban-college-il,South Suburban College,,IL,
southeastern-illinois-college-il,Southeastern Illinois College,,IL,
southwestern-illinois-college-il,Southwestern Illinois College,,IL,
spoon-river-college-il,Spoon River College,,IL,
triton-college-il,Triton College,,IL,
waubonsee-community-college-il,Waubonsee Community College,,IL,
ivy-tech-community-college-in,Ivy Tech Community College,,IN,
vincennes-university-in,Vincennes University,,IN,
allen-community-college-ks,Allen Community College,,KS,
barton-community-college-ks,Barton Community College,Great Bend,KS,https://www.bartonsports.com/sports/esports/index
butler-community-college-ks,Butler Community College,El Dorado,KS,https://www.butlergrizzlies.com/
cloud-county-community-college-ks,Cloud County Community College,,KS,
coffeyville-community-college-ks,Coffeyville Community College,Coffeyville,KS,https://www.redravenathletics.com/
colby-community-college-ks,Colby Community College,,KS,
cowley-college-ks,Cowley College,,KS,
dodge-city-community-college-ks,Dodge City Community College,,KS,
flint-hills-technical-college-ks,Flint Hills Technical College,,KS,
fort-scott-community-college-ks,Fort Scott Community College,,KS,
garden-city-community-college-ks,Garden City Community College,Garden City,KS,https://www.gobroncbusters.com/sports/esports/index
hutchinson-community-college-ks,Hutchinson Community College,Hutchinson,KS,https://www.bluedragonsports.com/sports/esports/index
independence-community-college-ks,Independence Community College,,KS,
johnson-county-community-college-ks,Johnson County Community College,Overland Park,KS,https://jcccathletics.com/
kansas-city-kansas-community-college-ks,Kansas City Kansas Community College,,KS,
labette-community-college-ks,Labette Community College,,KS,
neosho-county-community-college-ks,Neosho County Community College,,KS,
northwest-kansas-technical-college-ks,Northwest Kansas Technical College,Goodland,KS,https://techtigers.com/
pratt-community-college-ks,Pratt Community College,,KS,
seward-county-community-college-ks,Seward County Community College,,KS,
wsu-tech-ks,WSU Tech,,KS,
bluegrass-community-and-technical-college-ky,Bluegrass Community and Technical College,,KY,
elizabethtown-community-and-technical-college-ky,Elizabethtown Community and Technical College,,KY,
owensboro-community-and-technical-college-ky,Owensboro Community and Technical College,,KY,
somerset-community-college-ky,Somerset Community College,,KY,
bristol-community-college-ma,Bristol Community College,,MA,
bunker-hill-community-college-ma,Bunker Hill Community College,,MA,
massbay-community-college-ma,MassBay Community College,,MA,
massasoit-community-college-ma,Massasoit Community College,,MA,
middlesex-community-college-ma,Middlesex Community College,,MA,
mount-wachusett-community-college-ma,Mount Wachusett Community College,,MA,
northern-essex-community-college-ma,Northern Essex Community College,,MA,
quinsigamond-community-college-ma,Quinsigamond Community College,,MA,
springfield-technical-community-college-ma,Springfield Technical Community College,,MA,
allegany-college-of-maryland-md,Allegany College of Maryland,,MD,
anne-arundel-community-college-md,Anne Arundel Community College,,MD,
carroll-community-college-md,Carroll Community College,,MD,
cecil-college-md,Cecil College,,MD,
college-of-southern-maryland-md,College of Southern Maryland,,MD,
community-college-of-baltimore-county-md,Community College of Baltimore County,,MD,
hagerstown-community-college-md,Hagerstown Community College,,MD,
harford-community-college-md,Harford Community College,,MD,
howard-community-college-md,Howard Community College,,MD,
montgomery-college-md,Montgomery College,,MD,
prince-georges-community-college-md,Prince George's Community College,,MD,
central-maine-community-college-me,Central Maine Community College,,ME,
alpena-community-college-mi,Alpena Community College,,MI,
bay-college-mi,Bay College,,MI,
delta-college-mi,Delta College,,MI,
glen-oaks-community-college-mi,Glen Oaks Community College,,MI,
gogebic-community-college-mi,Gogebic Community College,,MI,
grand-rapids-community-college-mi,Grand Rapids Community College,,MI,
henry-ford-college-mi,Henry Ford College,,MI,
jackson-college-mi,Jackson College,Jackson,MI,https://jacksoncollegejets.com/sports/esports/index
kellogg-community-college-mi,Kellogg Community College,,MI,
kirtland-community-college-mi,Kirtland Community College,,MI,
lake-michigan-college-mi,Lake Michigan College,,MI,
lansing-community-college-mi,Lansing Community College,,MI,
macomb-community-college-mi,Macomb Community College,,MI,
mid-michigan-college-mi,Mid Michigan College,,MI,
monroe-county-community-college-mi,Monroe County Community College,,MI,
montcalm-community-college-mi,Montcalm Community College,,MI,
mott-community-college-mi,Mott Community College,,MI,
muskegon-community-college-mi,Muskegon Community College,,MI,
north-central-michigan-college-mi,North Central Michigan College,,MI,
oakland-community-college-mi,Oakland Community College,,MI,
schoolcraft-college-mi,Schoolcraft College,,MI,
southwestern-michigan-college-mi,Southwestern Michigan College,,MI,
st-clair-county-community-college-mi,St. Clair County Community College,,MI,
washtenaw-community-college-mi,Washtenaw Community College,,MI,
wayne-county-community-college-district-mi,Wayne County Community College District,,MI,
west-shore-community-college-mi,West Shore Community College,,MI,
alexandria-technical-community-college-mn,Alexandria Technical & Community College,Alexandria,MN,https://legends.alextech.edu/sports/esports/index
anoka-ramsey-community-college-mn,Anoka-Ramsey Community College,,MN,
central-lakes-college-mn,Central Lakes College,,MN,
century-college-mn,Century College,,MN,
dakota-county-technical-college-mn,Dakota County Technical College,,MN,
inver-hills-community-college-mn,Inver Hills Community College,,MN,
lake-superior-college-mn,Lake Superior College,,MN,
minnesota-state-college-southeast-mn,Minnesota State College Southeast,,MN,
minnesota-state-community-and-technical-college-mn,Minnesota State Community and Technical College,,MN,
minnesota-west-community-and-technical-college-mn,Minnesota West Community and Technical College,,MN,
normandale-community-college-mn,Normandale Community College,,MN,
north-hennepin-community-college-mn,North Hennepin Community College,,MN,
northland-community-technical-college-mn,Northland Community & Technical College,,MN,
ridgewater-college-mn,Ridgewater College,,MN,
riverland-community-college-mn,Riverland Community College,,MN,
rochester-community-and-technical-college-mn,Rochester Community and Technical College,,MN,
saint-paul-college-mn,Saint Paul College,,MN,
south-central-college-mn,South Central College,,MN,
st-cloud-technical-and-community-college-mn,St. Cloud Technical and Community College,,MN,
crowder-college-mo,Crowder College,,MO,
east-central-college-mo,East Central College,,MO,
jefferson-college-mo,Jefferson College,,MO,
metropolitan-community-college-mo,Metropolitan Community College,,MO,
mineral-area-college-mo,Mineral Area College,,MO,
moberly-area-community-college-mo,Moberly Area Community College,,MO,
north-central-missouri-college-mo,North Central Missouri College,,MO,
ozarks-technical-community-college-mo,Ozarks Technical Community College,,MO,
st-charles-community-college-mo,St. Charles Community College,,MO,
st-louis-community-college-mo,St. Louis Community College,,MO,
state-fair-community-college-mo,State Fair Community College,,MO,
state-technical-college-of-missouri-mo,State Technical College of Missouri,,MO,
three-rivers-college-mo,Three Rivers College,,MO,
copiah-lincoln-community-college-ms,Copiah-Lincoln Community College,,MS,
east-central-community-college-ms,East Central Community College,,MS,
east-mississippi-community-college-ms,East Mississippi Community College,,MS,
hinds-community-college-ms,Hinds Community College,,MS,
holmes-community-college-ms,Holmes Community College,,MS,
itawamba-community-college-ms,Itawamba Community College,,MS,
jones-college-ms,Jones College,,MS,
meridian-community-college-ms,Meridian Community College,,MS,
mississippi-delta-community-college-ms,Mississippi Delta Community College,,MS,
mississippi-gulf-coast-community-college-ms,Mississippi Gulf Coast Community College,,MS,
northeast-mississippi-community-college-ms,Northeast Mississippi Community College,,MS,
northwest-mississippi-community-college-ms,Northwest Mississippi Community College,,MS,
pearl-river-community-college-ms,Pearl River Community College,,MS,
southwest-mississippi-community-college-ms,Southwest Mississippi Community College,,MS,
dawson-community-college-mt,Dawson Community College,,MT,
flathead-valley-community-college-mt,Flathead Valley Community College,,MT,
miles-community-college-mt,Miles Community College,,MT,
alamance-community-college-nc,Alamance Community College,,NC,
asheville-buncombe-technical-community-college-nc,Asheville-Buncombe Technical Community College,,NC,
blue-ridge-community-college-nc,Blue Ridge Community College,,NC,
brunswick-community-college-nc,Brunswick Community College,,NC,
caldwell-community-college-and-technical-institute-nc,Caldwell Community College and Technical Institute,,NC,
cape-fear-community-college-nc,Cape Fear Community College,,NC,
catawba-valley-community-college-nc,Catawba Valley Community College,,NC,
central-carolina-community-college-nc,Central Carolina Community College,,NC,
cleveland-community-college-nc,Cleveland Community College,,NC,
coastal-carolina-community-college-nc,Coastal Carolina Community College,,NC,
college-of-the-albemarle-nc,College of the Albemarle,,NC,
craven-community-college-nc,Craven Community College,,NC,
davidson-davie-community-college-nc,Davidson-Davie Community College,,NC,
durham-technical-community-college-nc,Durham Technical Community College,,NC,
fayetteville-technical-community-college-nc,Fayetteville Technical Community College,,NC,
forsyth-technical-community-college-nc,Forsyth Technical Community College,,NC,
gaston-college-nc,Gaston College,,NC,
guilford-technical-community-college-nc,Guilford Technical Community College,,NC,
johnston-community-college-nc,Johnston Community College,,NC,
lenoir-community-college-nc,Lenoir Community College,,NC,
louisburg-college-nc,Louisburg College,,NC,
nash-community-college-nc,Nash Community College,,NC,
pitt-community-college-nc,Pitt Community College,,NC,
randolph-community-college-nc,Randolph Community College,,NC,
richmond-community-college-nc,Richmond Community College,,NC,
rockingham-community-college-nc,Rockingham Community College,,NC,
rowan-cabarrus-community-college-nc,Rowan-Cabarrus Community College,,NC,
sandhills-community-college-nc,Sandhills Community College,,NC,
south-piedmont-community-college-nc,South Piedmont Community College,,NC,
southeastern-community-college-nc,Southeastern Community College,,NC,
surry-community-college-nc,Surry Community College,,NC,
vance-granville-community-college-nc,Vance-Granville Community College,,NC,
wake-technical-community-college-nc,Wake Technical Community College,Raleigh,NC,https://www.waketechsports.com/sports/Esports/index
wayne-community-college-nc,Wayne Community College,,NC,
western-piedmont-community-college-nc,Western Piedmont Community College,,NC,
wilkes-community-college-nc,Wilkes Community College,,NC,
wilson-community-college-nc,Wilson Community College,,NC,
bismarck-state-college-nd,Bismarck State College,,ND,
dakota-college-at-bottineau-nd,Dakota College at Bottineau,,ND,
lake-region-state-college-nd,Lake Region State College,,ND,
north-dakota-state-college-of-science-nd,North Dakota State College of Science,,ND,
williston-state-college-nd,Williston State College,,ND,
central-community-college-ne,Central Community College,Columbus,NE,https://cccraiders.com/sports/esports/index
mccook-community-college-ne,McCook Community College,,NE,
mid-plains-community-college-ne,Mid-Plains Community College,,NE,
northeast-community-college-ne,Northeast Community College,,NE,
north-platte-community-college-ne,North Platte Community College,,NE,
southeast-community-college-ne,Southeast Community College,,NE,
western-nebraska-community-college-ne,Western Nebraska Community College,,NE,
atlantic-cape-community-college-nj,Atlantic Cape Community College,,NJ,
bergen-community-college-nj,Bergen Community College,,NJ,
brookdale-community-college-nj,Brookdale Community College,Lincroft,NJ,https://www.brookdalecc.edu/esports/
camden-county-college-nj,Camden County College,,NJ,
county-college-of-morris-nj,County College of Morris,,NJ,
essex-county-college-nj,Essex County College,,NJ,
hudson-county-community-college-nj,Hudson County Community College,,NJ,
mercer-county-community-college-nj,Mercer County Community College,,NJ,
middlesex-college-nj,Middlesex College,,NJ,
ocean-county-college-nj,Ocean County College,Toms River,NJ,https://www.occvikings.com/sports/esports/index
passaic-county-community-college-nj,Passaic County Community College,,NJ,
raritan-valley-community-college-nj,Raritan Valley Community College,,NJ,
rowan-college-at-burlington-county-nj,Rowan College at Burlington County,,NJ,
rowan-college-of-south-jersey-nj,Rowan College of South Jersey,,NJ,
salem-community-college-nj,Salem Community College,,NJ,
sussex-county-community-college-nj,Sussex County Community College,,NJ,
union-college-of-union-county-nj,Union College of Union County,Cranford,NJ,https://www.unionowls.com/sports/eSports/index
warren-county-community-college-nj,Warren County Community College,,NJ,
central-new-mexico-community-college-nm,Central New Mexico Community College,,NM,
clovis-community-college-nm,Clovis Community College,,NM,
luna-community-college-nm,Luna Community College,,NM,
mesalands-community-college-nm,Mesalands Community College,,NM,
new-mexico-junior-college-nm,New Mexico Junior College,,NM,
new-mexico-military-institute-nm,New Mexico Military Institute,,NM,
san-juan-college-nm,San Juan College,,NM,
santa-fe-community-college-nm,Santa Fe Community College,,NM,
college-of-southern-nevada-nv,College of Southern Nevada,North Las Vegas,NV,https://csncoyotes.com/
great-basin-college-nv,Great Basin College,,NV,
truckee-meadows-community-college-nv,Truckee Meadows Community College,,NV,
western-nevada-college-nv,Western Nevada College,,NV,
adirondack-community-college-ny,Adirondack Community College,,NY,
borough-of-manhattan-community-college-ny,Borough of Manhattan Community College,,NY,
bronx-community-college-ny,Bronx Community College,,NY,
broome-community-college-ny,Broome Community College,,NY,
cayuga-community-college-ny,Cayuga Community College,,NY,
clinton-community-college-ny,Clinton Community College,,NY,
columbia-greene-community-college-ny,Columbia-Greene Community College,,NY,
corning-community-college-ny,Corning Community College,,NY,
dutchess-community-college-ny,Dutchess Community College,,NY,
erie-community-college-ny,Erie Community College,,NY,
finger-lakes-community-college-ny,Finger Lakes Community College,Canandaigua,NY,https://www.flccathletics.com/sports/eSports/index
fulton-montgomery-community-college-ny,Fulton-Montgomery Community College,,NY,
genesee-community-college-ny,Genesee Community College,,NY,
herkimer-county-community-college-ny,Herkimer County Community College,,NY,
hostos-community-college-ny,Hostos Community College,,NY,
hudson-valley-community-college-ny,Hudson Valley Community College,,NY,
jamestown-community-college-ny,Jamestown Community College,,NY,
jefferson-community-college-ny,Jefferson Community College,,NY,
kingsborough-community-college-ny,Kingsborough Community College,,NY,
laguardia-community-college-ny,LaGuardia Community College,,NY,
mohawk-valley-community-college-ny,Mohawk Valley Community College,,NY,
monroe-college-ny,Monroe College,New Rochelle,NY,https://www.monroeumustangs.com/sports/esports
monroe-community-college-ny,Monroe Community College,,NY,
nassau-community-college-ny,Nassau Community College,,NY,
niagara-county-community-college-ny,Niagara County Community College,,NY,
north-country-community-college-ny,North Country Community College,,NY,
onondaga-community-college-ny,Onondaga Community College,,NY,
orange-county-community-college-ny,Orange County Community College,,NY,
queensborough-community-college-ny,Queensborough Community College,,NY,
rockland-community-college-ny,Rockland Community College,,NY,
schenectady-county-community-college-ny,Schenectady County Community College,,NY,
suffolk-county-community-college-ny,Suffolk County Community College,,NY,
sullivan-county-community-college-ny,Sullivan County Community College,,NY,
tompkins-cortland-community-college-ny,Tompkins Cortland Community College,,NY,
ulster-county-community-college-ny,Ulster County Community College,,NY,
westchester-community-college-ny,Westchester Community College,,NY,
belmont-college-oh,Belmont College,,OH,
central-ohio-technical-college-oh,Central Ohio Technical College,,OH,
cincinnati-state-technical-and-community-college-oh,Cincinnati State Technical and Community College,,OH,
clark-state-college-oh,Clark State College,,OH,
columbus-state-community-college-oh,Columbus State Community College,,OH,
cuyahoga-community-college-oh,Cuyahoga Community College,Cleveland,OH,https://athletics.tri-c.edu/landing/index
edison-state-community-college-oh,Edison State Community College,,OH,
hocking-college-oh,Hocking College,,OH,
lakeland-community-college-oh,Lakeland Community College,,OH,
lorain-county-community-college-oh,Lorain County Community College,,OH,
marion-technical-college-oh,Marion Technical College,,OH,
north-central-state-college-oh,North Central State College,,OH,
northwest-state-community-college-oh,Northwest State Community College,,OH,
owens-community-college-oh,Owens Community College,,OH,
rhodes-state-college-oh,Rhodes State College,,OH,
rio-grande-community-college-oh,Rio Grande Community College,,OH,
sinclair-community-college-oh,Sinclair Community College,,OH,
southern-state-community-college-oh,Southern State Community College,,OH,
stark-state-college-oh,Stark State College,,OH,
terra-state-community-college-oh,Terra State Community College,,OH,
washington-state-community-college-oh,Washington State Community College,,OH,
zane-state-college-oh,Zane State College,,OH,
carl-albert-state-college-ok,Carl Albert State College,,OK,
connors-state-college-ok,Connors State College,,OK,
eastern-oklahoma-state-college-ok,Eastern Oklahoma State College,,OK,
murray-state-college-ok,Murray State College,,OK,
northeastern-oklahoma-am-college-ok,Northeastern Oklahoma A&M College,,OK,
northern-oklahoma-college-ok,Northern Oklahoma College,,OK,
oklahoma-city-community-college-ok,Oklahoma City Community College,,OK,
redlands-community-college-ok,Redlands Community College,,OK,
rose-state-college-ok,Rose State College,,OK,
seminole-state-college-ok,Seminole State College,,OK,
tulsa-community-college-ok,Tulsa Community College,,OK,
western-oklahoma-state-college-ok,Western Oklahoma State College,,OK,
blue-mountain-community-college-or,Blue Mountain Community College,,OR,
central-oregon-community-college-or,Central Oregon Community College,,OR,
chemeketa-community-college-or,Chemeketa Community College,,OR,
clackamas-community-college-or,Clackamas Community College,,OR,
clatsop-community-college-or,Clatsop Community College,,OR,
columbia-gorge-community-college-or,Columbia Gorge Community College,,OR,
klamath-community-college-or,Klamath Community College,,OR,
lane-community-college-or,Lane Community College,,OR,
linn-benton-community-college-or,Linn-Benton Community College,,OR,
mount-hood-community-college-or,Mt. Hood Community College,,OR,
oregon-coast-community-college-or,Oregon Coast Community College,,OR,
portland-community-college-or,Portland Community College,,OR,
rogue-community-college-or,Rogue Community College,,OR,
southwestern-oregon-community-college-or,Southwestern Oregon Community College,,OR,
tillamook-bay-community-college-or,Tillamook Bay Community College,,OR,
treasure-valley-community-college-or,Treasure Valley Community College,,OR,
umpqua-community-college-or,Umpqua Community College,,OR,
bucks-county-community-college-pa,Bucks County Community College,,PA,
butler-county-community-college-pa,Butler County Community College,,PA,
central-penn-college-pa,Central Penn College,,PA,
community-college-of-allegheny-county-pa,Community College of Allegheny County,,PA,
community-college-of-beaver-county-pa,Community College of Beaver County,,PA,
community-college-of-philadelphia-pa,Community College of Philadelphia,,PA,
delaware-county-community-college-pa,Delaware County Community College,,PA,
harrisburg-area-community-college-pa,Harrisburg Area Community College,,PA,
lackawanna-college-pa,Lackawanna College,Scranton,PA,https://lackawannafalcons.com/sports/esports
lehigh-carbon-community-college-pa,Lehigh Carbon Community College,,PA,
luzerne-county-community-college-pa,Luzerne County Community College,,PA,
manor-college-pa,Manor College,,PA,
montgomery-county-community-college-pa,Montgomery County Community College,,PA,
northampton-community-college-pa,Northampton Community College,Bethlehem,PA,https://www.nccspartans.com/
pennsylvania-highlands-community-college-pa,Pennsylvania Highlands Community College,,PA,
reading-area-community-college-pa,Reading Area Community College,,PA,
thaddeus-stevens-college-of-technology-pa,Thaddeus Stevens College of Technology,,PA,
westmoreland-county-community-college-pa,Westmoreland County Community College,,PA,
aiken-technical-college-sc,Aiken Technical College,,SC,
central-carolina-technical-college-sc,Central Carolina Technical College,,SC,
denmark-technical-college-sc,Denmark Technical College,,SC,
florence-darlington-technical-college-sc,Florence-Darlington Technical College,,SC,
greenville-technical-college-sc,Greenville Technical College,,SC,
horry-georgetown-technical-college-sc,Horry-Georgetown Technical College,,SC,
midlands-technical-college-sc,Midlands Technical College,,SC,
northeastern-technical-college-sc,Northeastern Technical College,,SC,
orangeburg-calhoun-technical-college-sc,Orangeburg-Calhoun Technical College,,SC,
piedmont-technical-college-sc,Piedmont Technical College,,SC,
spartanburg-community-college-sc,Spartanburg Community College,,SC,
spartanburg-methodist-college-sc,Spartanburg Methodist College,,SC,
technical-college-of-the-lowcountry-sc,Technical College of the Lowcountry,,SC,
tri-county-technical-college-sc,Tri-County Technical College,,SC,
trident-technical-college-sc,Trident Technical College,,SC,
usc-lancaster-sc,USC Lancaster,,SC,
usc-salkehatchie-sc,USC Salkehatchie,,SC,
usc-sumter-sc,USC Sumter,,SC,
usc-union-sc,USC Union,,SC,
williamsburg-technical-college-sc,Williamsburg Technical College,,SC,
york-technical-college-sc,York Technical College,,SC,
chattanooga-state-community-college-tn,Chattanooga State Community College,,TN,
cleveland-state-community-college-tn,Cleveland State Community College,,TN,
columbia-state-community-college-tn,Columbia State Community College,,TN,
dyersburg-state-community-college-tn,Dyersburg State Community College,,TN,
jackson-state-community-college-tn,Jackson State Community College,,TN,
motlow-state-community-college-tn,Motlow State Community College,,TN,
nashville-state-community-college-tn,Nashville State Community College,,TN,
northeast-state-community-college-tn,Northeast State Community College,,TN,
pellissippi-state-community-college-tn,Pellissippi State Community College,,TN,
roane-state-community-college-tn,Roane State Community College,,TN,
southwest-tennessee-community-college-tn,Southwest Tennessee Community College,,TN,
volunteer-state-community-college-tn,Volunteer State Community College,,TN,
walters-state-community-college-tn,Walters State Community College,,TN,
alvin-community-college-tx,Alvin Community College,,TX,
amarillo-college-tx,Amarillo College,,TX,
angelina-college-tx,Angelina College,,TX,
austin-community-college-tx,Austin Community College,,TX,
blinn-college-tx,Blinn College,,TX,
brazosport-college-tx,Brazosport College,,TX,
central-texas-college-tx,Central Texas College,,TX,
cisco-college-tx,Cisco College,,TX,
clarendon-college-tx,Clarendon College,,TX,
coastal-bend-college-tx,Coastal Bend College,,TX,
college-of-the-mainland-tx,College of the Mainland,,TX,
collin-college-tx,Collin College,,TX,
dallas-college-tx,Dallas College,Dallas,TX,https://www.dallascollege.edu/slife/athletics/esports/
del-mar-college-tx,Del Mar College,,TX,
el-paso-community-college-tx,El Paso Community College,,TX,
frank-phillips-college-tx,Frank Phillips College,,TX,
galveston-college-tx,Galveston College,,TX,
grayson-college-tx,Grayson College,,TX,
hill-college-tx,Hill College,,TX,
houston-community-college-tx,Houston Community College,,TX,
howard-college-tx,Howard College,,TX,
kilgore-college-tx,Kilgore College,,TX,
laredo-college-tx,Laredo College,,TX,
lee-college-tx,Lee College,,TX,
lone-star-college-tx,Lone Star College,,TX,
mclennan-community-college-tx,McLennan Community College,,TX,
midland-college-tx,Midland College,,TX,
navarro-college-tx,Navarro College,Corsicana,TX,https://navarrobulldogs.com/sports/esports
north-central-texas-college-tx,North Central Texas College,,TX,
northeast-texas-community-college-tx,Northeast Texas Community College,,TX,
odessa-college-tx,Odessa College,,TX,
panola-college-tx,Panola College,,TX,
paris-junior-college-tx,Paris Junior College,,TX,
ranger-college-tx,Ranger College,,TX,
san-antonio-college-tx,San Antonio College,,TX,
san-jacinto-college-tx,San Jacinto College,,TX,
south-plains-college-tx,South Plains College,,TX,
south-texas-college-tx,South Texas College,,TX,
southwest-texas-junior-college-tx,Southwest Texas Junior College,,TX,
tarrant-county-college-tx,Tarrant County College,,TX,
temple-college-tx,Temple College,,TX,
texarkana-college-tx,Texarkana College,,TX,
texas-southmost-college-tx,Texas Southmost College,,TX,
trinity-valley-community-college-tx,Trinity Valley Community College,,TX,
tyler-junior-college-tx,Tyler Junior College,,TX,
vernon-college-tx,Vernon College,,TX,
victoria-college-tx,Victoria College,,TX,
weatherford-college-tx,Weatherford College,,TX,
western-texas-college-tx,Western Texas College,,TX,
wharton-county-junior-college-tx,Wharton County Junior College,,TX,
salt-lake-community-college-ut,Salt Lake Community College,,UT,
snow-college-ut,Snow College,,UT,
utah-state-university-eastern-ut,Utah State University Eastern,,UT,
blue-ridge-community-college-va,Blue Ridge Community College,,VA,
brightpoint-community-college-va,Brightpoint Community College,,VA,
camp-community-college-va,Camp Community College,,VA,
central-virginia-community-college-va,Central Virginia Community College,,VA,
danville-community-college-va,Danville Community College,,VA,
germanna-community-college-va,Germanna Community College,,VA,
laurel-ridge-community-college-va,Laurel Ridge Community College,,VA,
mountain-empire-community-college-va,Mountain Empire Community College,,VA,
mountain-gateway-community-college-va,Mountain Gateway Community College,,VA,
new-river-community-college-va,New River Community College,,VA,
northern-virginia-community-college-va,Northern Virginia Community College,,VA,
patrick-henry-community-college-va,Patrick & Henry Community College,,VA,
piedmont-virginia-community-college-va,Piedmont Virginia Community College,,VA,
rappahannock-community-college-va,Rappahannock Community College,,VA,
reynolds-community-college-va,Reynolds Community College,,VA,
richard-bland-college-va,Richard Bland College,,VA,
southside-virginia-community-college-va,Southside Virginia Community College,,VA,
southwest-virginia-community-college-va,Southwest Virginia Community College,,VA,
tidewater-community-college-va,Tidewater Community College,,VA,
virginia-highlands-community-college-va,Virginia Highlands Community College,,VA,
virginia-peninsula-community-college-va,Virginia Peninsula Community College,,VA,
virginia-western-community-college-va,Virginia Western Community College,,VA,
wytheville-community-college-va,Wytheville Community College,,VA,
bellevue-college-wa,Bellevue College,,WA,
big-bend-community-college-wa,Big Bend Community College,Moses Lake,WA,https://www.bbccvikings.com/
cascadia-college-wa,Cascadia College,,WA,
centralia-college-wa,Centralia College,,WA,
clark-college-wa,Clark College,,WA,
clover-park-technical-college-wa,Clover Park Technical College,Lakewood,WA,https://www.cptc.edu/student-life/clubs
columbia-basin-college-wa,Columbia Basin College,,WA,
edmonds-college-wa,Edmonds College,,WA,
everett-community-college-wa,Everett Community College,,WA,
grays-harbor-college-wa,Grays Harbor College,,WA,
green-river-college-wa,Green River College,,WA,
highline-college-wa,Highline College,,WA,
lower-columbia-college-wa,Lower Columbia College,,WA,
olympic-college-wa,Olympic College,,WA,
peninsula-college-wa,Peninsula College,,WA,
pierce-college-wa,Pierce College,,WA,
renton-technical-college-wa,Renton Technical College,,WA,
seattle-central-college-wa,Seattle Central College,,WA,
shoreline-community-college-wa,Shoreline Community College,,WA,
skagit-valley-college-wa,Skagit Valley College,,WA,
south-puget-sound-community-college-wa,South Puget Sound Community College,,WA,
spokane-community-college-wa,Spokane Community College,,WA,
spokane-falls-community-college-wa,Spokane Falls Community College,,WA,
tacoma-community-college-wa,Tacoma Community College,,WA,
walla-walla-community-college-wa,Walla Walla Community College,Walla Walla,WA,https://warriors.wwcc.edu/
wenatchee-valley-college-wa,Wenatchee Valley College,,WA,
whatcom-community-college-wa,Whatcom Community College,,WA,
yakima-valley-college-wa,Yakima Valley College,,WA,
blackhawk-technical-college-wi,Blackhawk Technical College,,WI,
bryant-stratton-college-wi-wi,Bryant & Stratton College (WI),,WI,
chippewa-valley-technical-college-wi,Chippewa Valley Technical College,,WI,
fox-valley-technical-college-wi,Fox Valley Technical College,,WI,
gateway-technical-college-wi,Gateway Technical College,,WI,
lakeshore-technical-college-wi,Lakeshore Technical College,,WI,
madison-area-technical-college-wi,Madison Area Technical College,,WI,
mid-state-technical-college-wi,Mid-State Technical College,,WI,
milwaukee-area-technical-college-wi,Milwaukee Area Technical College,,WI,
moraine-park-technical-college-wi,Moraine Park Technical College,,WI,
nicolet-college-wi,Nicolet College,,WI,
northcentral-technical-college-wi,Northcentral Technical College,,WI,
northeast-wisconsin-technical-college-wi,Northeast Wisconsin Technical College,,WI,
southwest-wisconsin-technical-college-wi,Southwest Wisconsin Technical College,,WI,
waukesha-county-technical-college-wi,Waukesha County Technical College,,WI,
western-technical-college-wi,Western Technical College,,WI,
wisconsin-indianhead-technical-college-wi,Wisconsin Indianhead Technical College,,WI,
blue-ridge-community-and-technical-college-wv,Blue Ridge Community and Technical College,,WV,
bridgevalley-community-and-technical-college-wv,BridgeValley Community and Technical College,,WV,
mountwest-community-and-technical-college-wv,Mountwest Community and Technical College,,WV,
new-river-community-and-technical-college-wv,New River Community and Technical College,,WV,
pierpont-community-and-technical-college-wv,Pierpont Community and Technical College,,WV,
southern-west-virginia-community-and-technical-college-wv,Southern West Virginia Community and Technical College,,WV,
west-virginia-northern-community-college-wv,West Virginia Northern Community College,,WV,
casper-college-wy,Casper College,,WY,
central-wyoming-college-wy,Central Wyoming College,Riverton,WY,https://rustlerathletics.com/sports/esports/index
eastern-wyoming-college-wy,Eastern Wyoming College,,WY,
gillette-college-wy,Gillette College,,WY,
laramie-county-community-college-wy,Laramie County Community College,Cheyenne,WY,https://www.golccc.com/sports/esports/index
northwest-college-wy,Northwest College,,WY,
sheridan-college-wy,Sheridan College,,WY,
western-wyoming-community-college-wy,Western Wyoming Community College,,WY,